timestamp,scenario,symbol,side,entry_price,exit_price,quantity,pnl,pnl_percent,duration_minutes,signal_confidence,outcome
2025-12-06T09:54:02.817301,trending,TEST/USD,BUY,103.93,104.53,1.9244,1.15,0.58,90,86,WIN
2025-12-06T10:09:02.817327,trending,TEST/USD,BUY,104.44,104.53,1.9152,0.17,0.09,75,92,WIN
2025-12-06T10:24:02.817350,trending,TEST/USD,BUY,104.14,107.07,1.9207,5.63,2.81,120,92,WIN
2025-12-06T10:39:02.817373,trending,TEST/USD,BUY,104.43,104.53,1.9165,0.19,0.1,45,90,WIN
2025-12-06T10:54:02.817394,trending,TEST/USD,BUY,104.88,104.61,1.9083,-0.52,-0.26,45,93,LOSS
2025-12-06T11:09:02.817416,trending,TEST/USD,BUY,105.21,106.21,1.9022,1.9,0.95,45,96,WIN
2025-12-06T11:24:02.817437,trending,TEST/USD,BUY,104.53,106.69,1.915,4.14,2.07,75,87,WIN
2025-12-06T11:39:02.817460,trending,TEST/USD,BUY,104.61,106.51,1.9143,3.64,1.82,75,78,WIN
2025-12-06T11:54:02.817481,trending,TEST/USD,BUY,106.21,106.51,1.8861,0.57,0.28,60,86,WIN
2025-12-06T12:09:02.817504,trending,TEST/USD,BUY,105.91,106.51,1.8916,1.13,0.57,45,77,WIN
2025-12-06T12:24:02.817526,trending,TEST/USD,BUY,107.07,106.51,1.8713,-1.05,-0.52,30,80,LOSS
2025-12-06T13:09:02.817600,trending,TEST/USD,BUY,107.69,110.25,1.8603,4.76,2.38,60,81,WIN
2025-12-06T13:24:02.817622,trending,TEST/USD,BUY,108.92,110.84,1.8402,3.53,1.76,105,88,WIN
2025-12-06T13:39:02.817644,trending,TEST/USD,BUY,109.3,111.6,1.8344,4.22,2.1,105,88,WIN
2025-12-06T13:54:02.817665,trending,TEST/USD,BUY,110.43,113.51,1.8164,5.59,2.79,120,100,WIN
2025-12-06T14:09:02.817687,trending,TEST/USD,BUY,110.25,113.76,1.8204,6.39,3.18,120,100,WIN
2025-12-06T14:24:02.817706,trending,TEST/USD,BUY,110.92,111.24,1.8106,0.58,0.29,30,94,WIN
2025-12-06T14:39:02.817729,trending,TEST/USD,BUY,110.87,112.37,1.8115,2.72,1.35,60,96,WIN
2025-12-06T14:54:02.817751,trending,TEST/USD,BUY,111.24,111.6,1.806,0.65,0.32,30,88,WIN
2025-12-06T15:09:02.817774,trending,TEST/USD,BUY,110.84,114.16,1.8126,6.02,3.0,75,88,WIN
2025-12-06T15:24:02.817795,trending,TEST/USD,BUY,111.6,114.16,1.8013,4.61,2.29,60,97,WIN
2025-12-06T15:39:02.817818,trending,TEST/USD,BUY,112.37,114.11,1.7898,3.11,1.55,105,93,WIN
2025-12-06T15:54:02.817840,trending,TEST/USD,BUY,113.51,114.16,1.7724,1.15,0.57,30,92,WIN
2025-12-06T16:09:02.817863,trending,TEST/USD,BUY,113.76,113.17,1.7687,-1.04,-0.52,60,90,LOSS
2025-12-06T16:24:02.817897,trending,TEST/USD,BUY,114.16,114.11,1.7623,-0.09,-0.04,60,83,LOSS
2025-12-06T16:39:02.817923,trending,TEST/USD,BUY,113.16,114.11,1.7779,1.69,0.84,45,76,WIN
2025-12-06T17:24:02.817985,trending,TEST/USD,BUY,114.11,115.56,1.7634,2.56,1.27,60,75,WIN
2025-12-06T17:39:02.818008,trending,TEST/USD,BUY,114.66,115.56,1.7553,1.58,0.78,45,84,WIN
2025-12-06T17:54:02.818034,trending,TEST/USD,BUY,115.87,116.52,1.7373,1.13,0.56,45,88,WIN
2025-12-06T18:09:02.818060,trending,TEST/USD,BUY,115.7,116.52,1.74,1.43,0.71,30,79,WIN
2025-12-06T19:09:02.818145,trending,TEST/USD,BUY,117.52,120.09,1.7133,4.4,2.19,120,88,WIN
2025-12-06T19:24:02.818157,trending,TEST/USD,BUY,117.48,119.65,1.7147,3.72,1.85,90,83,WIN
2025-12-06T19:39:02.818169,trending,TEST/USD,BUY,118.23,119.27,1.7044,1.77,0.88,45,94,WIN
2025-12-06T19:54:02.818181,trending,TEST/USD,BUY,118.95,120.38,1.6944,2.42,1.2,90,92,WIN
2025-12-06T20:09:02.818193,trending,TEST/USD,BUY,118.34,119.65,1.7035,2.23,1.11,45,82,WIN
2025-12-06T20:24:02.818204,trending,TEST/USD,BUY,119.27,119.65,1.6906,0.64,0.32,30,79,WIN
2025-12-06T20:39:02.818217,trending,TEST/USD,BUY,118.75,121.86,1.6981,5.28,2.62,75,76,WIN
2025-12-06T20:54:02.818228,trending,TEST/USD,BUY,119.65,122.8,1.6863,5.31,2.63,120,85,WIN
2025-12-06T21:09:02.818240,trending,TEST/USD,BUY,120.09,123.57,1.681,5.85,2.9,120,80,WIN
2025-12-06T21:24:02.818251,trending,TEST/USD,BUY,120.38,123.0,1.6779,4.4,2.18,60,80,WIN
2025-12-06T21:39:02.818268,trending,TEST/USD,BUY,121.44,123.57,1.664,3.54,1.75,90,83,WIN
2025-12-06T21:54:02.818280,trending,TEST/USD,BUY,121.86,121.98,1.6588,0.2,0.1,105,87,WIN
2025-12-06T22:09:02.818293,trending,TEST/USD,BUY,122.53,121.98,1.6498,-0.91,-0.45,90,86,LOSS
2025-12-06T22:24:02.818308,trending,TEST/USD,BUY,123.0,123.57,1.6433,0.94,0.46,45,84,WIN
2025-12-06T22:39:02.818338,trending,TEST/USD,BUY,123.42,122.7,1.6379,-1.18,-0.58,105,92,LOSS
2025-12-06T22:54:02.818362,trending,TEST/USD,BUY,122.8,122.96,1.646,0.26,0.13,30,79,WIN
2025-12-06T23:09:02.818387,trending,TEST/USD,BUY,123.57,122.83,1.6357,-1.21,-0.6,90,90,LOSS
2025-12-06T23:24:02.818409,trending,TEST/USD,BUY,122.96,124.34,1.6437,2.27,1.12,120,77,WIN
2025-12-07T02:54:02.818728,trending,TEST/USD,BUY,126.4,126.74,1.5993,0.54,0.27,45,80,WIN
2025-12-07T03:09:02.818751,trending,TEST/USD,BUY,127.31,129.55,1.5879,3.56,1.76,105,86,WIN
2025-12-07T03:24:02.818773,trending,TEST/USD,BUY,127.6,128.47,1.5849,1.38,0.68,60,88,WIN
2025-12-07T04:09:02.818847,trending,TEST/USD,BUY,128.37,132.45,1.5756,6.43,3.18,120,82,WIN
2025-12-07T04:24:02.818870,trending,TEST/USD,BUY,128.47,132.45,1.5754,6.27,3.1,105,83,WIN
2025-12-07T04:39:02.818893,trending,TEST/USD,BUY,128.59,134.26,1.5749,8.93,4.41,120,82,WIN
2025-12-07T04:54:02.818915,trending,TEST/USD,BUY,129.55,135.0,1.5646,8.53,4.21,120,91,WIN
2025-12-07T05:09:02.818943,trending,TEST/USD,BUY,129.97,135.29,1.5608,8.3,4.09,120,87,WIN
2025-12-07T05:24:02.818966,trending,TEST/USD,BUY,130.74,132.58,1.5529,2.86,1.41,30,84,WIN
2025-12-07T05:39:02.818989,trending,TEST/USD,BUY,132.13,133.24,1.537,1.71,0.84,45,87,WIN
2025-12-07T05:54:02.819010,trending,TEST/USD,BUY,132.58,135.29,1.5321,4.15,2.04,75,89,WIN
2025-12-07T06:09:02.819034,trending,TEST/USD,BUY,132.45,134.26,1.5342,2.78,1.37,30,95,WIN
2025-12-07T06:24:02.819056,trending,TEST/USD,BUY,133.24,135.29,1.5255,3.13,1.54,45,97,WIN
2025-12-07T06:39:02.819081,trending,TEST/USD,BUY,134.26,135.74,1.5144,2.24,1.1,120,95,WIN
2025-12-07T06:54:02.819102,trending,TEST/USD,BUY,135.0,136.85,1.5064,2.79,1.37,90,100,WIN
2025-12-07T07:09:02.819126,trending,TEST/USD,BUY,135.29,136.41,1.5036,1.68,0.83,120,100,WIN
2025-12-07T07:24:02.819147,trending,TEST/USD,BUY,134.66,136.86,1.5109,3.32,1.63,120,89,WIN
2025-12-07T07:39:02.819170,trending,TEST/USD,BUY,134.52,135.74,1.5129,1.85,0.91,60,85,WIN
2025-12-07T07:54:02.819191,trending,TEST/USD,BUY,135.08,137.87,1.5069,4.2,2.07,120,83,WIN
2025-12-07T08:09:02.819214,trending,TEST/USD,BUY,135.45,136.86,1.5035,2.12,1.04,75,75,WIN
2025-12-07T08:24:02.819240,trending,TEST/USD,BUY,136.85,136.86,1.4884,0.01,0.01,60,82,WIN
2025-12-07T08:54:02.819286,trending,TEST/USD,BUY,136.77,137.87,1.4893,1.64,0.8,60,76,WIN
2025-12-07T10:09:02.819396,trending,TEST/USD,BUY,138.75,140.36,1.4682,2.36,1.16,45,81,WIN
2025-12-07T10:24:02.819422,trending,TEST/USD,BUY,139.79,140.81,1.4577,1.49,0.73,45,84,WIN
2025-12-07T10:39:02.819447,trending,TEST/USD,BUY,139.94,144.9,1.4563,7.22,3.54,120,83,WIN
2025-12-07T10:54:02.819470,trending,TEST/USD,BUY,140.36,142.21,1.453,2.69,1.32,45,75,WIN
2025-12-07T11:09:02.819493,trending,TEST/USD,BUY,140.81,142.21,1.4487,2.03,0.99,30,87,WIN
2025-12-07T11:24:02.819518,trending,TEST/USD,BUY,141.08,147.0,1.4462,8.56,4.2,105,81,WIN
2025-12-07T11:39:02.819542,trending,TEST/USD,BUY,142.21,146.25,1.4359,5.8,2.84,75,92,WIN
2025-12-07T11:54:02.819563,trending,TEST/USD,BUY,142.07,144.72,1.4382,3.81,1.87,30,88,WIN
2025-12-07T12:09:02.819586,trending,TEST/USD,BUY,142.66,149.95,1.4328,10.44,5.11,105,90,WIN
2025-12-07T12:24:02.819608,trending,TEST/USD,BUY,144.72,147.0,1.4138,3.22,1.58,45,99,WIN
2025-12-07T12:39:02.819630,trending,TEST/USD,BUY,144.9,149.17,1.4125,6.03,2.95,120,94,WIN
2025-12-07T12:54:02.819652,trending,TEST/USD,BUY,146.25,150.39,1.4003,5.8,2.83,120,96,WIN
2025-12-07T13:09:02.819675,trending,TEST/USD,BUY,147.0,149.17,1.3939,3.02,1.48,90,100,WIN
2025-12-07T13:24:02.819700,trending,TEST/USD,BUY,148.38,149.93,1.3814,2.14,1.04,105,100,WIN
2025-12-07T13:39:02.819724,trending,TEST/USD,BUY,148.87,153.27,1.3771,6.06,2.96,120,100,WIN
2025-12-07T13:54:02.819745,trending,TEST/USD,BUY,149.95,154.21,1.368,5.83,2.84,120,100,WIN
2025-12-07T14:09:02.819769,trending,TEST/USD,BUY,149.54,149.93,1.3725,0.54,0.26,60,100,WIN
2025-12-07T14:24:02.819790,trending,TEST/USD,BUY,149.22,153.27,1.3755,5.57,2.71,75,100,WIN
2025-12-07T14:39:02.819813,trending,TEST/USD,BUY,149.17,156.38,1.3768,9.93,4.83,120,95,WIN
2025-12-07T14:54:02.819834,trending,TEST/USD,BUY,150.39,154.21,1.3669,5.22,2.54,60,89,WIN
2025-12-07T15:09:02.819857,trending,TEST/USD,BUY,149.93,156.14,1.3718,8.52,4.14,120,84,WIN
2025-12-07T15:24:02.823812,trending,TEST/USD,BUY,152.23,156.11,1.3522,5.25,2.55,60,90,WIN
2025-12-07T15:39:02.823846,trending,TEST/USD,BUY,153.27,156.72,1.3437,4.64,2.25,105,92,WIN
2025-12-07T15:54:02.823862,trending,TEST/USD,BUY,154.21,156.72,1.3361,3.35,1.63,90,89,WIN
2025-12-07T16:09:02.823876,trending,TEST/USD,BUY,154.9,156.72,1.3306,2.42,1.17,75,90,WIN
2025-12-07T16:24:02.823888,trending,TEST/USD,BUY,156.11,156.67,1.3206,0.74,0.36,30,91,WIN
2025-12-07T16:39:02.823901,trending,TEST/USD,BUY,156.38,156.33,1.3184,-0.07,-0.03,60,95,LOSS
2025-12-07T16:54:02.823913,trending,TEST/USD,BUY,156.67,156.15,1.316,-0.68,-0.33,60,99,LOSS
2025-12-07T17:09:02.823933,trending,TEST/USD,BUY,156.14,157.76,1.3203,2.14,1.04,90,96,WIN
2025-12-07T17:24:02.823955,trending,TEST/USD,BUY,156.72,157.58,1.3157,1.13,0.55,60,92,WIN
2025-12-07T17:39:02.823975,trending,TEST/USD,BUY,156.33,159.71,1.3191,4.46,2.16,105,92,WIN
2025-12-07T17:54:02.823987,trending,TEST/USD,BUY,156.15,157.58,1.3212,1.89,0.92,30,75,WIN
2025-12-07T20:24:02.824118,trending,TEST/USD,BUY,160.38,161.94,1.2866,2.01,0.97,30,77,WIN
2025-12-07T20:39:02.824131,trending,TEST/USD,BUY,161.26,165.04,1.2799,4.84,2.34,60,79,WIN
2025-12-07T20:54:02.824142,trending,TEST/USD,BUY,161.94,165.72,1.2751,4.82,2.33,60,77,WIN
2025-12-07T21:09:02.824155,trending,TEST/USD,BUY,162.66,165.04,1.27,3.02,1.46,30,81,WIN
2025-12-07T21:24:02.824166,trending,TEST/USD,BUY,164.12,168.61,1.2591,5.65,2.74,60,77,WIN
2025-12-07T21:39:02.824178,trending,TEST/USD,BUY,165.04,169.58,1.2528,5.69,2.75,60,83,WIN
2025-12-07T21:54:02.824189,trending,TEST/USD,BUY,165.72,172.72,1.2483,8.74,4.22,120,87,WIN
2025-12-07T22:09:02.824201,trending,TEST/USD,BUY,167.2,172.04,1.2383,5.99,2.89,60,95,WIN
2025-12-07T22:24:02.824213,trending,TEST/USD,BUY,168.61,171.58,1.2287,3.65,1.76,60,100,WIN
2025-12-07T22:39:02.824225,trending,TEST/USD,BUY,169.58,172.13,1.2221,3.12,1.5,60,100,WIN
2025-12-07T22:54:02.824236,trending,TEST/USD,BUY,171.59,171.58,1.2081,-0.01,-0.01,30,100,LOSS
2025-12-07T23:09:02.824248,trending,TEST/USD,BUY,172.04,175.61,1.205,4.3,2.08,90,100,WIN
2025-12-07T23:24:02.824260,trending,TEST/USD,BUY,171.58,172.72,1.2087,1.38,0.66,30,100,WIN
2025-12-07T23:39:02.824272,trending,TEST/USD,BUY,172.13,176.16,1.205,4.86,2.34,75,100,WIN
2025-12-07T23:54:02.824283,trending,TEST/USD,BUY,172.72,176.16,1.2014,4.13,1.99,60,100,WIN
2025-12-08T00:09:02.824305,trending,TEST/USD,BUY,173.13,176.58,1.1991,4.14,1.99,90,99,WIN
2025-12-08T00:24:02.824320,trending,TEST/USD,BUY,174.44,176.58,1.1905,2.55,1.23,75,100,WIN
2025-12-08T00:39:02.824333,trending,TEST/USD,BUY,175.61,176.77,1.1829,1.37,0.66,30,100,WIN
2025-12-08T00:54:02.824349,trending,TEST/USD,BUY,176.16,173.95,1.1793,-2.61,-1.25,75,94,LOSS
2025-12-08T01:09:02.824363,trending,TEST/USD,BUY,176.77,175.51,1.175,-1.48,-0.71,105,92,LOSS
2025-12-08T01:39:02.824387,trending,TEST/USD,BUY,176.58,173.95,1.1761,-3.09,-1.49,30,76,LOSS
2025-12-08T01:54:02.824402,trending,TEST/USD,BUY,175.9,176.5,1.1803,0.71,0.34,90,75,WIN
2025-12-08T04:24:02.824525,trending,TEST/USD,BUY,182.23,184.04,1.1394,2.06,0.99,30,85,WIN
2025-12-08T04:39:02.824537,trending,TEST/USD,BUY,183.16,186.2,1.1338,3.45,1.66,75,100,WIN
2025-12-08T04:54:02.824549,trending,TEST/USD,BUY,184.04,189.37,1.1287,6.02,2.9,90,100,WIN
2025-12-08T05:09:02.824561,trending,TEST/USD,BUY,183.65,187.9,1.1318,4.81,2.31,60,100,WIN
2025-12-08T05:24:02.824574,trending,TEST/USD,BUY,182.84,190.39,1.1373,8.59,4.13,90,91,WIN
2025-12-08T05:39:02.824596,trending,TEST/USD,BUY,184.72,191.33,1.1267,7.45,3.58,105,92,WIN
2025-12-08T05:54:02.824614,trending,TEST/USD,BUY,186.2,190.88,1.1185,5.23,2.51,75,100,WIN
2025-12-08T06:09:02.824628,trending,TEST/USD,BUY,187.9,191.33,1.109,3.8,1.83,75,100,WIN
2025-12-08T06:24:02.824639,trending,TEST/USD,BUY,189.37,193.27,1.1008,4.29,2.06,105,100,WIN
2025-12-08T06:39:02.824651,trending,TEST/USD,BUY,188.8,192.47,1.1045,4.05,1.94,75,97,WIN
2025-12-08T06:54:02.824663,trending,TEST/USD,BUY,190.39,191.33,1.0957,1.03,0.49,30,94,WIN
2025-12-08T07:09:02.824675,trending,TEST/USD,BUY,190.88,194.33,1.093,3.77,1.81,90,92,WIN
2025-12-08T07:24:02.824686,trending,TEST/USD,BUY,191.33,192.47,1.0909,1.24,0.6,30,89,WIN
2025-12-08T07:39:02.824698,trending,TEST/USD,BUY,190.92,194.33,1.0933,3.73,1.79,60,89,WIN
2025-12-08T07:54:02.824709,trending,TEST/USD,BUY,192.47,194.72,1.0849,2.44,1.17,120,100,WIN
2025-12-08T08:09:02.824729,trending,TEST/USD,BUY,193.27,193.15,1.0807,-0.13,-0.06,45,96,LOSS
2025-12-08T08:24:02.824750,trending,TEST/USD,BUY,194.6,194.72,1.0733,0.13,0.06,90,95,WIN
2025-12-08T08:39:02.824765,trending,TEST/USD,BUY,194.33,197.83,1.0748,3.76,1.8,105,84,WIN
2025-12-08T09:09:02.824789,trending,TEST/USD,BUY,193.76,199.03,1.0783,5.68,2.72,105,76,WIN
2025-12-08T10:09:02.824837,trending,TEST/USD,BUY,196.08,199.81,1.0662,3.98,1.9,60,77,WIN
2025-12-08T10:24:02.824848,trending,TEST/USD,BUY,197.83,199.81,1.0571,2.09,1.0,45,77,WIN
2025-12-08T10:39:02.824864,trending,TEST/USD,BUY,199.23,201.07,1.0499,1.93,0.92,45,80,WIN
2025-12-08T11:09:02.824889,trending,TEST/USD,BUY,199.81,204.82,1.0471,5.25,2.51,105,78,WIN
2025-12-08T11:24:02.824900,trending,TEST/USD,BUY,201.07,206.23,1.041,5.37,2.57,105,91,WIN
2025-12-08T11:39:02.824912,trending,TEST/USD,BUY,202.26,204.82,1.0354,2.65,1.27,75,93,WIN
2025-12-08T11:54:02.824924,trending,TEST/USD,BUY,204.63,204.97,1.0237,0.35,0.17,105,100,WIN
2025-12-08T12:09:02.824936,trending,TEST/USD,BUY,205.83,204.97,1.0178,-0.88,-0.42,90,100,LOSS
2025-12-08T12:24:02.824947,trending,TEST/USD,BUY,205.62,207.63,1.0187,2.05,0.98,120,100,WIN
2025-12-08T12:39:02.824959,trending,TEST/USD,BUY,205.12,207.63,1.0214,2.56,1.22,105,96,WIN
2025-12-08T12:54:02.824970,trending,TEST/USD,BUY,204.82,205.13,1.0231,0.32,0.15,60,85,WIN
2025-12-08T13:09:02.824983,trending,TEST/USD,BUY,206.23,207.63,1.0162,1.42,0.68,75,85,WIN
2025-12-08T13:24:02.825000,trending,TEST/USD,BUY,206.02,205.67,1.0174,-0.36,-0.17,75,85,LOSS
2025-12-08T13:39:02.825019,trending,TEST/USD,BUY,204.97,205.67,1.0225,0.72,0.34,60,75,WIN
2025-12-08T17:39:02.825275,trending,TEST/USD,BUY,212.43,219.41,0.9867,6.89,3.29,105,78,WIN
2025-12-08T17:54:02.825309,trending,TEST/USD,BUY,214.67,218.87,0.977,4.1,1.96,60,89,WIN
2025-12-08T18:09:02.825332,trending,TEST/USD,BUY,215.05,217.31,0.9757,2.21,1.05,60,85,WIN
2025-12-08T18:24:02.825352,trending,TEST/USD,BUY,216.8,217.31,0.968,0.49,0.24,45,94,WIN
2025-12-08T18:39:02.825373,trending,TEST/USD,BUY,217.15,221.0,0.9665,3.72,1.77,120,95,WIN
2025-12-08T18:54:02.825392,trending,TEST/USD,BUY,218.87,221.0,0.9592,2.04,0.97,105,97,WIN
2025-12-08T19:09:02.825540,trending,TEST/USD,BUY,217.31,219.31,0.9663,1.93,0.92,45,89,WIN
2025-12-08T19:24:02.826652,trending,TEST/USD,BUY,219.41,219.39,0.9572,-0.02,-0.01,60,95,LOSS
2025-12-08T19:39:02.826689,trending,TEST/USD,BUY,218.78,220.72,0.96,1.86,0.89,105,88,WIN
2025-12-08T19:54:02.826715,trending,TEST/USD,BUY,219.31,220.55,0.9579,1.19,0.57,75,93,WIN
2025-12-08T20:09:02.826739,trending,TEST/USD,BUY,219.1,220.18,0.9589,1.04,0.49,45,81,WIN
2025-12-08T20:39:02.826800,trending,TEST/USD,BUY,221.0,220.72,0.9507,-0.27,-0.13,45,77,LOSS
2025-12-08T22:24:02.826969,trending,TEST/USD,BUY,225.65,229.62,0.9311,3.7,1.76,75,78,WIN
2025-12-08T22:39:02.826991,trending,TEST/USD,BUY,226.85,231.5,0.9265,4.31,2.05,120,85,WIN
2025-12-08T22:54:02.827013,trending,TEST/USD,BUY,228.99,231.36,0.9182,2.18,1.03,90,93,WIN
2025-12-08T23:09:02.827039,trending,TEST/USD,BUY,228.42,231.36,0.9207,2.71,1.29,75,83,WIN
2025-12-08T23:24:02.827060,trending,TEST/USD,BUY,228.57,231.5,0.9203,2.7,1.28,75,88,WIN
2025-12-08T23:39:02.827082,trending,TEST/USD,BUY,229.62,230.36,0.9164,0.68,0.32,30,91,WIN
2025-12-08T23:54:02.827102,trending,TEST/USD,BUY,229.4,232.51,0.9173,2.85,1.36,60,89,WIN
2025-12-09T00:09:02.827124,trending,TEST/USD,BUY,230.36,230.51,0.9137,0.14,0.07,75,90,WIN
2025-12-09T00:24:02.827145,trending,TEST/USD,BUY,231.36,231.7,0.9098,0.31,0.15,45,89,WIN
2025-12-09T00:39:02.827168,trending,TEST/USD,BUY,231.5,237.67,0.9093,5.61,2.67,105,87,WIN
2025-12-09T00:54:02.827189,trending,TEST/USD,BUY,232.51,237.09,0.9058,4.15,1.97,105,80,WIN
2025-12-09T02:24:02.827340,trending,TEST/USD,BUY,237.67,242.17,0.8865,3.99,1.89,90,86,WIN
2025-12-09T02:39:02.827365,trending,TEST/USD,BUY,237.09,245.75,0.889,7.7,3.65,120,79,WIN
2025-12-09T02:54:02.827388,trending,TEST/USD,BUY,238.32,245.75,0.8851,6.58,3.12,105,80,WIN
2025-12-09T03:09:02.827412,trending,TEST/USD,BUY,238.18,245.83,0.8861,6.78,3.21,120,78,WIN
2025-12-09T03:24:02.827445,trending,TEST/USD,BUY,239.82,245.1,0.8806,4.65,2.2,90,81,WIN
2025-12-09T03:39:02.827473,trending,TEST/USD,BUY,241.12,242.85,0.8763,1.52,0.72,30,90,WIN
2025-12-09T03:54:02.827496,trending,TEST/USD,BUY,242.17,245.1,0.8726,2.56,1.21,60,100,WIN
2025-12-09T04:09:02.827517,trending,TEST/USD,BUY,242.85,245.76,0.8704,2.53,1.2,75,93,WIN
2025-12-09T04:24:02.827539,trending,TEST/USD,BUY,244.34,247.2,0.8653,2.47,1.17,90,97,WIN
2025-12-09T04:39:02.827561,trending,TEST/USD,BUY,245.75,247.53,0.8605,1.53,0.72,60,94,WIN
2025-12-09T04:54:02.827582,trending,TEST/USD,BUY,245.1,249.84,0.8629,4.09,1.93,120,81,WIN
2025-12-09T05:09:02.827604,trending,TEST/USD,BUY,245.83,247.53,0.8607,1.46,0.69,30,86,WIN
2025-12-09T05:24:02.827624,trending,TEST/USD,BUY,245.76,249.84,0.861,3.51,1.66,90,81,WIN
2025-12-09T05:39:02.827648,trending,TEST/USD,BUY,247.53,250.18,0.8552,2.27,1.07,90,89,WIN
2025-12-09T05:54:02.827671,trending,TEST/USD,BUY,247.2,250.08,0.8565,2.47,1.17,120,80,WIN
2025-12-09T06:09:02.827706,trending,TEST/USD,BUY,249.01,250.08,0.8505,0.91,0.43,105,82,WIN
2025-12-09T06:24:02.827733,trending,TEST/USD,BUY,249.12,248.61,0.8502,-0.43,-0.2,60,78,LOSS
2025-12-09T08:24:02.827933,trending,TEST/USD,BUY,254.12,260.79,0.8334,5.56,2.62,90,77,WIN
2025-12-09T08:54:02.827982,trending,TEST/USD,BUY,256.55,261.0,0.8259,3.68,1.73,90,79,WIN
2025-12-09T09:09:02.828008,trending,TEST/USD,BUY,256.87,262.83,0.8252,4.92,2.32,90,85,WIN
2025-12-09T09:24:02.828032,trending,TEST/USD,BUY,256.94,263.59,0.8254,5.49,2.59,120,78,WIN
2025-12-09T09:39:02.828067,trending,TEST/USD,BUY,259.48,263.59,0.8177,3.36,1.58,105,87,WIN
2025-12-09T09:54:02.828093,trending,TEST/USD,BUY,260.79,260.8,0.8138,0.01,0.0,120,98,WIN
2025-12-09T10:09:02.828119,trending,TEST/USD,BUY,261.61,263.34,0.8113,1.4,0.66,60,97,WIN
2025-12-09T10:24:02.828142,trending,TEST/USD,BUY,261.0,261.97,0.8133,0.79,0.37,105,93,WIN
2025-12-09T10:39:02.828168,trending,TEST/USD,BUY,262.83,262.37,0.8077,-0.37,-0.18,105,92,LOSS
2025-12-09T10:54:02.828191,trending,TEST/USD,BUY,262.88,262.37,0.8075,-0.41,-0.19,90,84,LOSS
2025-12-09T11:09:02.828220,trending,TEST/USD,BUY,263.34,260.8,0.8061,-2.05,-0.96,45,81,LOSS
2025-12-09T11:24:02.828243,trending,TEST/USD,BUY,263.59,262.75,0.8052,-0.68,-0.32,120,77,LOSS
2025-12-09T15:54:02.828700,trending,TEST/USD,BUY,270.77,274.36,0.7838,2.81,1.33,75,80,WIN
2025-12-09T16:09:02.828741,trending,TEST/USD,BUY,272.91,277.24,0.7778,3.37,1.59,120,95,WIN
2025-12-09T16:24:02.831829,trending,TEST/USD,BUY,272.47,277.24,0.7793,3.72,1.75,105,92,WIN
2025-12-09T16:39:02.831913,trending,TEST/USD,BUY,272.93,277.24,0.7783,3.35,1.58,90,91,WIN
2025-12-09T16:54:02.831943,trending,TEST/USD,BUY,273.74,276.05,0.7762,1.79,0.84,45,83,WIN
2025-12-09T17:09:02.831968,trending,TEST/USD,BUY,274.36,276.84,0.7746,1.92,0.9,105,84,WIN
2025-12-09T17:24:02.831992,trending,TEST/USD,BUY,274.97,276.88,0.773,1.48,0.69,60,80,WIN
2025-12-09T17:39:02.832017,trending,TEST/USD,BUY,276.05,276.88,0.7701,0.64,0.3,45,81,WIN
2025-12-09T17:54:02.832039,trending,TEST/USD,BUY,277.16,276.88,0.7671,-0.21,-0.1,30,82,LOSS
2025-12-09T18:09:02.832062,trending,TEST/USD,BUY,277.24,276.74,0.7668,-0.38,-0.18,30,81,LOSS
2025-12-09T23:39:02.832574,trending,TEST/USD,BUY,285.49,290.27,0.7446,3.56,1.67,45,79,WIN
2025-12-09T23:54:02.832596,trending,TEST/USD,BUY,287.78,296.04,0.739,6.1,2.87,90,90,WIN
2025-12-10T00:09:02.832619,trending,TEST/USD,BUY,288.29,296.04,0.7381,5.72,2.69,75,87,WIN
2025-12-10T00:24:02.832642,trending,TEST/USD,BUY,290.27,299.65,0.7334,6.88,3.23,75,89,WIN
2025-12-10T00:39:02.832664,trending,TEST/USD,BUY,291.11,298.82,0.7318,5.64,2.65,75,86,WIN
2025-12-10T00:54:02.832686,trending,TEST/USD,BUY,293.38,298.95,0.7265,4.05,1.9,120,91,WIN
2025-12-10T01:09:02.832709,trending,TEST/USD,BUY,294.85,299.88,0.7232,3.64,1.71,90,98,WIN
2025-12-10T01:24:02.832798,trending,TEST/USD,BUY,296.04,298.95,0.7205,2.1,0.98,90,100,WIN
2025-12-10T01:39:02.832884,trending,TEST/USD,BUY,299.65,305.49,0.712,4.16,1.95,120,100,WIN
2025-12-10T01:54:02.832902,trending,TEST/USD,BUY,298.82,301.14,0.7142,1.66,0.78,75,100,WIN
2025-12-10T02:09:02.832916,trending,TEST/USD,BUY,299.97,298.95,0.7116,-0.73,-0.34,45,100,LOSS
2025-12-10T02:24:02.832928,trending,TEST/USD,BUY,299.08,303.5,0.7137,3.15,1.48,60,89,WIN
2025-12-10T02:39:02.832940,trending,TEST/USD,BUY,299.88,306.65,0.712,4.82,2.26,90,90,WIN
2025-12-10T02:54:02.832952,trending,TEST/USD,BUY,298.95,303.5,0.7145,3.25,1.52,30,79,WIN
2025-12-10T03:09:02.832965,trending,TEST/USD,BUY,301.14,311.95,0.7095,7.67,3.59,120,84,WIN
2025-12-10T03:24:02.832977,trending,TEST/USD,BUY,303.5,306.3,0.7045,1.97,0.92,30,84,WIN
2025-12-10T03:39:02.832989,trending,TEST/USD,BUY,305.49,307.07,0.7001,1.11,0.52,45,86,WIN
2025-12-10T03:54:02.833000,trending,TEST/USD,BUY,306.3,314.16,0.6983,5.49,2.57,90,84,WIN
2025-12-10T04:24:02.833024,trending,TEST/USD,BUY,307.07,311.55,0.6969,3.12,1.46,105,77,WIN
2025-12-10T04:39:02.833036,trending,TEST/USD,BUY,308.72,312.73,0.6934,2.78,1.3,75,79,WIN
2025-12-10T04:54:02.833051,trending,TEST/USD,BUY,311.55,312.71,0.6872,0.8,0.37,105,91,WIN
2025-12-10T05:09:02.833064,trending,TEST/USD,BUY,311.95,311.55,0.6864,-0.27,-0.13,60,90,LOSS
2025-12-10T05:24:02.833112,trending,TEST/USD,BUY,314.16,312.71,0.6816,-0.99,-0.46,105,100,LOSS
2025-12-10T05:39:02.833138,trending,TEST/USD,BUY,311.64,312.84,0.687,0.82,0.39,75,84,WIN
2025-12-10T05:54:02.833152,trending,TEST/USD,BUY,312.73,312.84,0.6847,0.08,0.04,60,80,WIN
2025-12-10T10:39:02.833381,trending,TEST/USD,BUY,317.03,319.54,0.6754,1.7,0.79,105,77,WIN
2025-12-10T10:54:02.833393,trending,TEST/USD,BUY,318.1,321.86,0.6732,2.53,1.18,30,86,WIN
2025-12-10T11:09:02.833409,trending,TEST/USD,BUY,320.17,321.32,0.669,0.77,0.36,105,93,WIN
2025-12-10T11:24:02.833424,trending,TEST/USD,BUY,321.86,324.94,0.6656,2.05,0.96,105,100,WIN
2025-12-10T11:39:02.833439,trending,TEST/USD,BUY,322.39,324.94,0.6646,1.69,0.79,90,98,WIN
2025-12-10T11:54:02.833450,trending,TEST/USD,BUY,321.19,320.37,0.6672,-0.55,-0.26,45,91,LOSS
2025-12-10T12:09:02.833462,trending,TEST/USD,BUY,320.44,328.4,0.6687,5.32,2.48,105,81,WIN
2025-12-10T13:24:02.833521,trending,TEST/USD,BUY,328.52,335.1,0.6526,4.29,2.0,105,82,WIN
2025-12-10T13:39:02.833534,trending,TEST/USD,BUY,328.53,335.1,0.6528,4.29,2.0,90,76,WIN
2025-12-10T14:09:02.833557,trending,TEST/USD,BUY,332.22,332.46,0.6458,0.16,0.07,45,80,WIN
2025-12-10T14:24:02.833568,trending,TEST/USD,BUY,333.39,341.74,0.6436,5.37,2.5,105,87,WIN
2025-12-10T14:39:02.833580,trending,TEST/USD,BUY,332.55,337.08,0.6455,2.92,1.36,75,87,WIN
2025-12-10T14:54:02.833591,trending,TEST/USD,BUY,332.46,337.08,0.6459,2.98,1.39,60,90,WIN
2025-12-10T15:09:02.833604,trending,TEST/USD,BUY,335.1,337.01,0.641,1.22,0.57,30,95,WIN
2025-12-10T15:24:02.833615,trending,TEST/USD,BUY,336.09,342.94,0.6392,4.38,2.04,120,95,WIN
2025-12-10T15:39:02.833627,trending,TEST/USD,BUY,337.01,342.18,0.6377,3.3,1.53,60,87,WIN
2025-12-10T15:54:02.833638,trending,TEST/USD,BUY,337.08,339.38,0.6377,1.47,0.68,105,76,WIN
2025-12-10T16:09:02.833650,trending,TEST/USD,BUY,341.74,339.38,0.6291,-1.48,-0.69,90,90,LOSS
2025-12-10T16:24:02.833664,trending,TEST/USD,BUY,341.38,343.25,0.6297,1.18,0.55,30,89,WIN
2025-12-10T16:39:02.833679,trending,TEST/USD,BUY,342.18,341.89,0.6283,-0.18,-0.08,75,79,LOSS
2025-12-10T16:54:02.833690,trending,TEST/USD,BUY,343.25,343.59,0.6263,0.21,0.1,75,79,WIN
2025-12-10T17:09:02.833702,trending,TEST/USD,BUY,342.25,345.42,0.6282,1.99,0.93,75,79,WIN
2025-12-10T17:24:02.833714,trending,TEST/USD,BUY,342.94,341.89,0.627,-0.66,-0.31,30,81,LOSS
2025-12-10T19:39:02.835244,trending,TEST/USD,BUY,351.66,355.83,0.6114,2.55,1.19,90,77,WIN
2025-12-10T20:09:02.835287,trending,TEST/USD,BUY,351.27,355.83,0.6123,2.79,1.3,60,85,WIN
2025-12-10T20:24:02.835309,trending,TEST/USD,BUY,351.95,357.85,0.6112,3.61,1.68,120,79,WIN
2025-12-10T20:39:02.835332,trending,TEST/USD,BUY,353.18,355.83,0.6093,1.61,0.75,30,77,WIN
2025-12-10T20:54:02.835355,trending,TEST/USD,BUY,355.39,357.85,0.6056,1.49,0.69,90,78,WIN
2025-12-10T21:09:02.835387,trending,TEST/USD,BUY,355.83,357.38,0.6049,0.94,0.44,60,83,WIN
2025-12-10T21:24:02.835410,trending,TEST/USD,BUY,356.34,355.3,0.6041,-0.63,-0.29,30,79,LOSS
2025-12-10T22:39:02.835523,trending,TEST/USD,BUY,360.76,363.27,0.5967,1.5,0.7,30,77,WIN
2025-12-10T22:54:02.835544,trending,TEST/USD,BUY,361.61,368.78,0.5954,4.27,1.98,105,77,WIN
2025-12-10T23:09:02.835567,trending,TEST/USD,BUY,363.27,372.2,0.5929,5.29,2.46,120,78,WIN
2025-12-11T00:24:02.835685,trending,TEST/USD,BUY,365.76,369.95,0.5891,2.47,1.15,30,79,WIN
2025-12-11T00:39:02.835709,trending,TEST/USD,BUY,368.78,372.2,0.5845,2.0,0.93,30,81,WIN
2025-12-11T00:54:02.835731,trending,TEST/USD,BUY,369.95,372.69,0.5827,1.6,0.74,45,83,WIN
2025-12-11T01:09:02.835753,trending,TEST/USD,BUY,372.2,376.29,0.5793,2.37,1.1,60,81,WIN
2025-12-11T01:24:02.835775,trending,TEST/USD,BUY,373.0,378.33,0.5782,3.08,1.43,105,81,WIN
2025-12-11T01:39:02.835803,trending,TEST/USD,BUY,372.69,381.53,0.5788,5.12,2.37,105,75,WIN
2025-12-11T01:54:02.835826,trending,TEST/USD,BUY,375.45,376.14,0.5748,0.4,0.18,45,89,WIN
2025-12-11T02:09:02.835858,trending,TEST/USD,BUY,376.29,381.96,0.5736,3.25,1.51,105,87,WIN
2025-12-11T02:24:02.835884,trending,TEST/USD,BUY,375.76,378.33,0.5745,1.48,0.68,45,89,WIN
2025-12-11T02:39:02.835907,trending,TEST/USD,BUY,376.14,385.91,0.574,5.61,2.6,105,81,WIN
2025-12-11T02:54:02.835929,trending,TEST/USD,BUY,377.16,386.54,0.5728,5.37,2.49,120,81,WIN
2025-12-11T03:09:02.835952,trending,TEST/USD,BUY,378.33,384.85,0.5713,3.72,1.72,60,75,WIN
2025-12-11T03:24:02.835973,trending,TEST/USD,BUY,381.53,387.08,0.5667,3.15,1.45,105,81,WIN
2025-12-11T03:39:02.835996,trending,TEST/USD,BUY,382.19,386.54,0.5659,2.46,1.14,75,76,WIN
2025-12-11T04:09:02.836039,trending,TEST/USD,BUY,384.85,384.94,0.5621,0.05,0.02,30,82,WIN
2025-12-11T04:24:02.836061,trending,TEST/USD,BUY,385.91,386.54,0.5606,0.35,0.16,30,77,WIN
2025-12-11T04:54:02.836105,trending,TEST/USD,BUY,386.54,389.48,0.5597,1.65,0.76,45,78,WIN
2025-12-11T05:09:02.836127,trending,TEST/USD,BUY,387.08,387.52,0.559,0.25,0.11,75,79,WIN
2025-12-11T05:24:02.836149,trending,TEST/USD,BUY,390.57,390.67,0.554,0.06,0.03,90,85,WIN
2025-12-11T05:39:02.836172,trending,TEST/USD,BUY,389.48,390.76,0.5555,0.71,0.33,90,79,WIN
2025-12-11T08:09:02.836413,trending,TEST/USD,BUY,400.02,408.53,0.5409,4.6,2.13,90,77,WIN
2025-12-11T08:24:02.836434,trending,TEST/USD,BUY,401.79,411.09,0.5388,5.01,2.31,90,79,WIN
2025-12-11T08:39:02.836457,trending,TEST/USD,BUY,401.83,413.88,0.539,6.49,3.0,120,90,WIN
2025-12-11T08:54:02.836479,trending,TEST/USD,BUY,401.56,412.86,0.5397,6.1,2.81,120,86,WIN
2025-12-11T09:09:02.836502,trending,TEST/USD,BUY,405.51,411.09,0.5347,2.98,1.38,45,93,WIN
2025-12-11T09:24:02.836524,trending,TEST/USD,BUY,405.81,418.02,0.5345,6.53,3.01,120,88,WIN
2025-12-11T09:39:02.836546,trending,TEST/USD,BUY,408.53,418.02,0.5312,5.04,2.32,105,95,WIN
2025-12-11T09:54:02.836568,trending,TEST/USD,BUY,411.09,417.46,0.5282,3.36,1.55,105,92,WIN
2025-12-11T10:09:02.836590,trending,TEST/USD,BUY,414.01,417.46,0.5246,1.81,0.83,90,96,WIN
2025-12-11T10:24:02.836612,trending,TEST/USD,BUY,414.94,417.46,0.5235,1.32,0.61,75,93,WIN
2025-12-11T10:39:02.836634,trending,TEST/USD,BUY,413.88,416.56,0.5249,1.41,0.65,30,84,WIN
2025-12-11T10:54:02.836655,trending,TEST/USD,BUY,412.86,424.46,0.5263,6.1,2.81,75,77,WIN
2025-12-06T10:09:02.880681,high_volatility,TEST/USD,BUY,104.27,100.19,1.9181,-7.83,-3.91,45,100,LOSS
2025-12-06T10:54:02.880748,high_volatility,TEST/USD,SELL,100.19,100.97,1.9946,-1.56,-0.78,90,78,LOSS
2025-12-06T11:24:02.881799,high_volatility,TEST/USD,SELL,100.72,102.58,1.9838,-3.69,-1.85,90,80,LOSS
2025-12-06T14:09:02.882035,high_volatility,TEST/USD,SELL,97.27,102.28,2.0534,-10.29,-5.15,105,98,LOSS
2025-12-06T14:24:02.882053,high_volatility,TEST/USD,SELL,97.69,103.33,2.0425,-11.52,-5.77,75,86,LOSS
2025-12-06T14:39:02.882073,high_volatility,TEST/USD,SELL,98.5,105.65,2.0234,-14.47,-7.26,120,77,LOSS
2025-12-06T15:39:02.882125,high_volatility,TEST/USD,BUY,103.33,102.43,1.926,-1.73,-0.87,45,80,LOSS
2025-12-06T15:54:02.882145,high_volatility,TEST/USD,BUY,102.28,105.65,1.9454,6.56,3.29,45,93,WIN
2025-12-06T16:09:02.882221,high_volatility,TEST/USD,BUY,104.41,98.94,1.907,-10.43,-5.24,90,100,LOSS
2025-12-06T16:24:02.882244,high_volatility,TEST/USD,BUY,102.43,99.39,1.9418,-5.9,-2.97,90,87,LOSS
2025-12-06T16:39:02.882259,high_volatility,TEST/USD,BUY,105.65,105.3,1.8815,-0.66,-0.33,120,100,LOSS
2025-12-06T16:54:02.882272,high_volatility,TEST/USD,BUY,103.15,97.85,1.927,-10.21,-5.14,75,100,LOSS
2025-12-06T17:09:02.882286,high_volatility,TEST/USD,BUY,103.8,105.3,1.913,2.87,1.45,90,100,WIN
2025-12-06T17:54:02.882324,high_volatility,TEST/USD,SELL,99.39,104.76,1.9984,-10.73,-5.4,90,83,LOSS
2025-12-06T18:09:02.882337,high_volatility,TEST/USD,SELL,97.85,105.79,2.0277,-16.1,-8.11,60,100,LOSS
2025-12-06T20:09:02.882438,high_volatility,TEST/USD,BUY,104.42,104.85,1.897,0.82,0.41,90,100,WIN
2025-12-06T20:24:02.882450,high_volatility,TEST/USD,BUY,102.41,111.69,1.9344,17.95,9.06,120,80,WIN
2025-12-06T20:39:02.882463,high_volatility,TEST/USD,BUY,106.21,111.69,1.8686,10.24,5.16,105,100,WIN
2025-12-06T20:54:02.882475,high_volatility,TEST/USD,BUY,104.07,104.19,1.909,0.23,0.12,30,92,WIN
2025-12-06T21:54:02.882526,high_volatility,TEST/USD,BUY,108.6,114.23,1.8294,10.3,5.18,45,86,WIN
2025-12-06T22:09:02.882544,high_volatility,TEST/USD,BUY,109.72,118.99,1.8126,16.8,8.45,105,100,WIN
2025-12-06T22:24:02.882557,high_volatility,TEST/USD,BUY,111.69,116.38,1.7836,8.37,4.2,75,100,WIN
2025-12-06T22:39:02.882570,high_volatility,TEST/USD,BUY,114.23,124.06,1.7454,17.16,8.61,120,100,WIN
2025-12-06T22:54:02.882581,high_volatility,TEST/USD,BUY,117.09,123.27,1.7057,10.54,5.28,90,100,WIN
2025-12-06T23:09:02.882698,high_volatility,TEST/USD,BUY,117.56,124.06,1.7007,11.05,5.53,90,100,WIN
2025-12-06T23:24:02.882724,high_volatility,TEST/USD,BUY,116.53,124.06,1.7176,12.93,6.46,75,100,WIN
2025-12-06T23:39:02.882754,high_volatility,TEST/USD,BUY,116.38,124.05,1.7221,13.21,6.59,90,100,WIN
2025-12-06T23:54:02.882829,high_volatility,TEST/USD,BUY,118.99,124.06,1.6865,8.55,4.26,45,100,WIN
2025-12-07T00:09:02.882847,high_volatility,TEST/USD,BUY,123.36,126.68,1.6282,5.41,2.69,90,100,WIN
2025-12-07T00:24:02.882860,high_volatility,TEST/USD,BUY,123.27,128.08,1.6302,7.84,3.9,120,100,WIN
2025-12-07T00:39:02.882880,high_volatility,TEST/USD,BUY,124.06,126.68,1.6211,4.25,2.11,60,100,WIN
2025-12-07T00:54:02.882893,high_volatility,TEST/USD,BUY,123.12,127.0,1.6342,6.34,3.15,75,100,WIN
2025-12-07T01:09:02.882906,high_volatility,TEST/USD,BUY,124.05,128.08,1.6229,6.54,3.25,75,100,WIN
2025-12-07T01:24:02.882918,high_volatility,TEST/USD,BUY,125.43,128.08,1.6061,4.26,2.11,60,100,WIN
2025-12-07T01:39:02.882931,high_volatility,TEST/USD,BUY,126.68,127.0,1.591,0.51,0.25,30,100,WIN
2025-12-07T01:54:02.882943,high_volatility,TEST/USD,BUY,124.5,128.08,1.6189,5.8,2.88,30,100,WIN
2025-12-07T02:09:02.882956,high_volatility,TEST/USD,BUY,127.0,127.72,1.5879,1.14,0.57,30,100,WIN
2025-12-07T02:24:02.882968,high_volatility,TEST/USD,BUY,128.08,126.82,1.5747,-1.98,-0.98,120,100,LOSS
2025-12-07T02:39:02.882984,high_volatility,TEST/USD,BUY,127.72,126.82,1.5789,-1.42,-0.7,105,85,LOSS
2025-12-07T02:54:02.882997,high_volatility,TEST/USD,BUY,127.42,126.82,1.5823,-0.95,-0.47,90,83,LOSS
2025-12-07T03:09:02.883010,high_volatility,TEST/USD,BUY,129.75,119.4,1.5538,-16.08,-7.98,105,95,LOSS
2025-12-07T03:24:02.883022,high_volatility,TEST/USD,BUY,133.36,127.16,1.5093,-9.36,-4.65,75,100,LOSS
2025-12-07T03:39:02.883035,high_volatility,TEST/USD,BUY,130.41,125.16,1.542,-8.1,-4.03,120,100,LOSS
2025-12-07T03:54:02.883047,high_volatility,TEST/USD,BUY,129.95,124.71,1.5462,-8.1,-4.03,75,86,LOSS
2025-12-07T04:54:02.883099,high_volatility,TEST/USD,SELL,119.4,125.16,1.6815,-9.69,-4.82,45,100,LOSS
2025-12-07T05:39:02.883137,high_volatility,TEST/USD,SELL,125.16,122.63,1.6026,4.05,2.02,105,85,WIN
2025-12-07T05:54:02.883149,high_volatility,TEST/USD,SELL,120.82,126.84,1.6608,-10.0,-4.98,30,100,LOSS
2025-12-07T06:09:02.883162,high_volatility,TEST/USD,SELL,125.84,109.28,1.593,26.38,13.16,105,85,WIN
2025-12-07T06:39:02.883189,high_volatility,TEST/USD,SELL,125.61,108.81,1.6001,26.88,13.37,90,75,WIN
2025-12-07T07:09:02.883215,high_volatility,TEST/USD,SELL,122.66,107.01,1.6429,25.71,12.76,90,85,WIN
2025-12-07T07:24:02.883227,high_volatility,TEST/USD,BUY,122.63,109.28,1.6475,-21.99,-10.89,30,77,LOSS
2025-12-07T07:39:02.883241,high_volatility,TEST/USD,SELL,109.11,107.01,1.8477,3.88,1.92,60,100,WIN
2025-12-07T07:54:02.883254,high_volatility,TEST/USD,SELL,109.28,107.01,1.8455,4.19,2.08,45,100,WIN
2025-12-07T08:09:02.883267,high_volatility,TEST/USD,SELL,108.81,101.23,1.8542,14.06,6.97,120,100,WIN
2025-12-07T08:24:02.883279,high_volatility,TEST/USD,SELL,106.84,101.23,1.8911,10.61,5.25,105,100,WIN
2025-12-07T08:39:02.883292,high_volatility,TEST/USD,SELL,107.01,109.4,1.89,-4.52,-2.23,30,100,LOSS
2025-12-07T08:54:02.883304,high_volatility,TEST/USD,SELL,108.3,104.77,1.8667,6.59,3.26,105,100,WIN
2025-12-07T09:09:02.883317,high_volatility,TEST/USD,SELL,109.4,104.77,1.8491,8.56,4.23,90,100,WIN
2025-12-07T09:24:02.883329,high_volatility,TEST/USD,SELL,105.4,105.28,1.9209,0.23,0.11,90,100,WIN
2025-12-07T09:39:02.883342,high_volatility,TEST/USD,SELL,103.56,105.05,1.9551,-2.91,-1.44,90,100,LOSS
2025-12-07T09:54:02.883354,high_volatility,TEST/USD,SELL,103.18,104.46,1.9617,-2.51,-1.24,105,100,LOSS
2025-12-07T10:09:02.883366,high_volatility,TEST/USD,SELL,101.23,109.21,1.999,-15.95,-7.88,120,100,LOSS
2025-12-07T10:24:02.883378,high_volatility,TEST/USD,SELL,103.3,105.28,1.9559,-3.87,-1.92,30,100,LOSS
2025-12-07T10:39:02.883392,high_volatility,TEST/USD,SELL,104.77,109.21,1.9277,-8.56,-4.24,90,87,LOSS
2025-12-07T11:24:02.883429,high_volatility,TEST/USD,SELL,105.19,107.1,1.9184,-3.66,-1.82,30,78,LOSS
2025-12-07T11:39:02.883442,high_volatility,TEST/USD,SELL,104.46,98.54,1.9311,11.43,5.67,90,95,WIN
2025-12-07T12:09:02.883475,high_volatility,TEST/USD,BUY,109.21,99.21,1.8492,-18.49,-9.16,75,100,LOSS
2025-12-07T13:09:02.883524,high_volatility,TEST/USD,SELL,98.54,103.8,2.0457,-10.76,-5.34,120,100,LOSS
2025-12-07T13:24:02.883536,high_volatility,TEST/USD,SELL,99.21,104.61,2.0297,-10.96,-5.44,60,100,LOSS
2025-12-07T13:39:02.883549,high_volatility,TEST/USD,SELL,100.88,106.66,1.9939,-11.52,-5.73,75,89,LOSS
2025-12-07T13:54:02.883561,high_volatility,TEST/USD,SELL,99.52,104.61,2.0188,-10.28,-5.11,30,100,LOSS
2025-12-07T14:39:02.883599,high_volatility,TEST/USD,SELL,106.0,103.78,1.8935,4.2,2.09,90,79,WIN
2025-12-07T15:24:02.883635,high_volatility,TEST/USD,BUY,105.43,103.78,1.9045,-3.14,-1.57,45,93,LOSS
2025-12-07T16:09:02.883675,high_volatility,TEST/USD,BUY,103.78,100.88,1.9342,-5.61,-2.79,45,78,LOSS
2025-12-07T16:24:02.883687,high_volatility,TEST/USD,BUY,104.13,107.03,1.9266,5.59,2.78,105,96,WIN
2025-12-07T16:54:02.883716,high_volatility,TEST/USD,SELL,100.88,106.26,1.9898,-10.71,-5.33,60,85,LOSS
2025-12-07T17:39:02.883754,high_volatility,TEST/USD,BUY,108.08,101.46,1.8553,-12.28,-6.13,120,91,LOSS
2025-12-07T18:09:02.883778,high_volatility,TEST/USD,BUY,107.03,103.8,1.8712,-6.04,-3.02,75,100,LOSS
2025-12-07T18:24:02.883790,high_volatility,TEST/USD,BUY,105.32,101.46,1.9004,-7.34,-3.67,75,86,LOSS
2025-12-07T18:54:02.883815,high_volatility,TEST/USD,SELL,99.61,99.1,2.0079,1.02,0.51,75,93,WIN
2025-12-07T19:09:02.883827,high_volatility,TEST/USD,SELL,100.73,101.46,1.9857,-1.45,-0.72,30,80,LOSS
2025-12-07T19:24:02.883839,high_volatility,TEST/USD,BUY,103.8,97.63,1.9267,-11.89,-5.94,60,78,LOSS
2025-12-07T19:54:02.883863,high_volatility,TEST/USD,SELL,100.46,100.15,1.9884,0.62,0.31,60,100,WIN
2025-12-07T20:09:02.883876,high_volatility,TEST/USD,SELL,99.1,101.18,2.0158,-4.19,-2.1,30,100,LOSS
2025-12-07T20:24:02.883887,high_volatility,TEST/USD,SELL,97.63,100.86,2.0453,-6.61,-3.31,60,100,LOSS
2025-12-07T20:39:02.883900,high_volatility,TEST/USD,SELL,101.18,98.82,1.9723,4.65,2.33,120,100,WIN
2025-12-07T20:54:02.883913,high_volatility,TEST/USD,SELL,100.15,93.79,1.9935,12.68,6.35,75,99,WIN
2025-12-07T21:09:02.883925,high_volatility,TEST/USD,SELL,101.37,99.87,1.972,2.96,1.48,105,78,WIN
2025-12-07T21:54:02.883963,high_volatility,TEST/USD,SELL,95.72,102.92,2.089,-15.04,-7.52,120,100,LOSS
2025-12-07T22:09:02.883976,high_volatility,TEST/USD,SELL,93.79,99.72,2.1288,-12.62,-6.32,90,100,LOSS
2025-12-07T22:24:02.883996,high_volatility,TEST/USD,SELL,95.43,102.03,2.0895,-13.79,-6.92,105,100,LOSS
2025-12-07T23:24:02.884124,high_volatility,TEST/USD,BUY,103.89,104.95,1.9167,2.03,1.02,120,87,WIN
2025-12-08T00:24:02.884214,high_volatility,TEST/USD,BUY,104.36,98.71,1.9085,-10.78,-5.41,30,100,LOSS
2025-12-08T00:39:02.884238,high_volatility,TEST/USD,BUY,100.94,101.74,1.971,1.58,0.79,30,100,WIN
2025-12-08T00:54:02.884301,high_volatility,TEST/USD,BUY,98.71,104.99,2.0159,12.66,6.36,45,84,WIN
2025-12-08T01:09:02.884363,high_volatility,TEST/USD,BUY,101.74,101.71,1.9583,-0.06,-0.03,45,79,LOSS
2025-12-08T01:24:02.884387,high_volatility,TEST/USD,BUY,104.95,100.17,1.8984,-9.07,-4.55,105,100,LOSS
2025-12-08T01:39:02.884413,high_volatility,TEST/USD,BUY,104.99,99.27,1.896,-10.84,-5.45,120,100,LOSS
2025-12-08T02:09:02.884461,high_volatility,TEST/USD,BUY,102.83,99.37,1.9337,-6.69,-3.36,30,81,LOSS
2025-12-08T02:39:02.885275,high_volatility,TEST/USD,SELL,99.37,94.82,1.9997,9.1,4.58,105,76,WIN
2025-12-08T02:54:02.885310,high_volatility,TEST/USD,SELL,99.57,100.72,1.9975,-2.3,-1.15,30,95,LOSS
2025-12-08T03:54:02.885407,high_volatility,TEST/USD,SELL,102.3,100.61,1.9437,3.28,1.65,90,75,WIN
2025-12-08T04:09:02.885432,high_volatility,TEST/USD,SELL,98.34,101.35,2.0226,-6.09,-3.06,60,100,LOSS
2025-12-08T04:24:02.885456,high_volatility,TEST/USD,SELL,94.82,110.9,2.0964,-33.71,-16.96,120,100,LOSS
2025-12-08T04:39:02.885480,high_volatility,TEST/USD,SELL,97.78,110.55,2.0261,-25.87,-13.06,120,99,LOSS
2025-12-08T04:54:02.885502,high_volatility,TEST/USD,SELL,98.27,108.66,2.0107,-20.89,-10.57,60,83,LOSS
2025-12-08T05:39:02.885573,high_volatility,TEST/USD,BUY,105.28,113.71,1.8729,15.79,8.01,120,100,WIN
2025-12-08T05:54:02.885594,high_volatility,TEST/USD,BUY,108.66,110.55,1.8175,3.44,1.74,45,100,WIN
2025-12-08T06:09:02.885619,high_volatility,TEST/USD,BUY,107.11,114.55,1.8445,13.72,6.95,60,100,WIN
2025-12-08T06:24:02.885642,high_volatility,TEST/USD,BUY,110.9,112.35,1.7839,2.59,1.31,30,100,WIN
2025-12-08T06:39:02.885665,high_volatility,TEST/USD,BUY,110.55,113.42,1.79,5.14,2.6,45,100,WIN
2025-12-08T06:54:02.885679,high_volatility,TEST/USD,BUY,112.35,115.82,1.7623,6.12,3.09,75,100,WIN
2025-12-08T07:09:02.885758,high_volatility,TEST/USD,BUY,114.55,113.71,1.7295,-1.45,-0.73,30,100,LOSS
2025-12-08T07:24:02.885790,high_volatility,TEST/USD,BUY,113.42,111.17,1.7465,-3.93,-1.98,60,100,LOSS
2025-12-08T07:39:02.885814,high_volatility,TEST/USD,BUY,113.71,110.32,1.7413,-5.9,-2.98,60,100,LOSS
2025-12-08T07:54:02.885837,high_volatility,TEST/USD,BUY,116.82,110.32,1.6939,-11.01,-5.56,45,100,LOSS
2025-12-08T08:09:02.885860,high_volatility,TEST/USD,BUY,115.82,106.7,1.7067,-15.56,-7.87,90,100,LOSS
2025-12-08T08:39:02.885906,high_volatility,TEST/USD,BUY,110.32,106.5,1.7889,-6.83,-3.46,45,79,LOSS
2025-12-08T09:09:02.885953,high_volatility,TEST/USD,SELL,105.68,103.34,1.8662,4.37,2.21,45,94,WIN
2025-12-08T09:24:02.885975,high_volatility,TEST/USD,SELL,106.5,99.88,1.8526,12.26,6.22,60,100,WIN
2025-12-08T09:39:02.886000,high_volatility,TEST/USD,SELL,106.7,98.56,1.8515,15.07,7.63,105,100,WIN
2025-12-08T09:54:02.886023,high_volatility,TEST/USD,SELL,103.34,102.61,1.9146,1.4,0.71,75,100,WIN
2025-12-08T10:09:02.886047,high_volatility,TEST/USD,SELL,99.63,102.57,1.9861,-5.84,-2.95,45,100,LOSS
2025-12-08T10:24:02.886069,high_volatility,TEST/USD,SELL,99.88,97.38,1.98,4.95,2.5,90,100,WIN
2025-12-08T10:39:02.886093,high_volatility,TEST/USD,SELL,104.56,92.39,1.8923,23.03,11.64,105,100,WIN
2025-12-08T10:54:02.886116,high_volatility,TEST/USD,SELL,102.57,94.54,1.9335,15.53,7.83,75,100,WIN
2025-12-08T11:09:02.886141,high_volatility,TEST/USD,SELL,102.61,91.86,1.9358,20.81,10.48,120,100,WIN
2025-12-08T11:24:02.886163,high_volatility,TEST/USD,SELL,98.56,94.54,2.0196,8.12,4.08,45,100,WIN
2025-12-08T11:39:02.886288,high_volatility,TEST/USD,SELL,97.42,93.29,2.0449,8.45,4.24,120,100,WIN
2025-12-08T11:54:02.886311,high_volatility,TEST/USD,SELL,97.38,92.1,2.0474,10.81,5.42,45,100,WIN
2025-12-08T12:09:02.886336,high_volatility,TEST/USD,SELL,94.54,92.1,2.1112,5.15,2.58,30,100,WIN
2025-12-08T12:24:02.886358,high_volatility,TEST/USD,SELL,92.39,92.64,2.1615,-0.54,-0.27,90,100,LOSS
2025-12-08T12:39:02.886382,high_volatility,TEST/USD,SELL,92.1,96.68,2.1682,-9.93,-4.97,90,100,LOSS
2025-12-08T12:54:02.886405,high_volatility,TEST/USD,SELL,90.57,99.01,2.2026,-18.59,-9.32,120,100,LOSS
2025-12-08T13:09:02.886428,high_volatility,TEST/USD,SELL,91.86,99.19,2.1676,-15.89,-7.98,90,100,LOSS
2025-12-08T13:24:02.886451,high_volatility,TEST/USD,SELL,91.32,96.68,2.177,-11.67,-5.87,45,100,LOSS
2025-12-08T13:39:02.886474,high_volatility,TEST/USD,SELL,93.29,96.68,2.1285,-7.22,-3.63,30,100,LOSS
2025-12-08T13:54:02.886496,high_volatility,TEST/USD,SELL,92.64,101.5,2.1419,-18.98,-9.56,120,100,LOSS
2025-12-08T14:39:02.886639,high_volatility,TEST/USD,BUY,99.19,101.5,1.9966,4.61,2.33,75,99,WIN
2025-12-08T14:54:02.886663,high_volatility,TEST/USD,BUY,99.01,90.93,2.0012,-16.17,-8.16,105,100,LOSS
2025-12-08T15:09:02.886688,high_volatility,TEST/USD,BUY,98.23,92.81,2.0138,-10.91,-5.52,105,100,LOSS
2025-12-08T15:24:02.886711,high_volatility,TEST/USD,BUY,98.37,92.81,2.0087,-11.17,-5.65,90,100,LOSS
2025-12-08T15:39:02.886769,high_volatility,TEST/USD,BUY,101.03,92.81,1.9536,-16.06,-8.14,75,100,LOSS
2025-12-08T15:54:02.886843,high_volatility,TEST/USD,BUY,101.5,91.93,1.9414,-18.58,-9.43,90,100,LOSS
2025-12-08T16:09:02.886873,high_volatility,TEST/USD,BUY,97.8,90.93,2.011,-13.82,-7.02,30,98,LOSS
2025-12-08T16:39:02.886924,high_volatility,TEST/USD,SELL,90.93,92.53,2.1599,-3.46,-1.76,120,100,LOSS
2025-12-08T16:54:02.886949,high_volatility,TEST/USD,SELL,92.81,92.53,2.1154,0.59,0.3,105,100,WIN
2025-12-08T17:09:02.886973,high_volatility,TEST/USD,SELL,92.82,92.03,2.1153,1.67,0.85,30,100,WIN
2025-12-08T17:24:02.886996,high_volatility,TEST/USD,SELL,91.93,93.14,2.1362,-2.58,-1.32,30,100,LOSS
2025-12-08T17:39:02.887024,high_volatility,TEST/USD,SELL,92.03,94.01,2.1333,-4.22,-2.15,45,100,LOSS
2025-12-08T17:54:02.887047,high_volatility,TEST/USD,SELL,93.14,91.9,2.107,2.61,1.33,90,100,WIN
2025-12-08T18:09:02.887073,high_volatility,TEST/USD,SELL,93.97,92.86,2.0889,2.32,1.18,120,100,WIN
2025-12-08T18:24:02.887135,high_volatility,TEST/USD,SELL,94.01,91.9,2.0885,4.41,2.24,60,100,WIN
2025-12-08T18:39:02.887163,high_volatility,TEST/USD,SELL,92.53,92.86,2.1229,-0.7,-0.36,90,100,LOSS
2025-12-08T19:54:02.887268,high_volatility,TEST/USD,BUY,97.31,87.75,2.0184,-19.3,-9.82,120,100,LOSS
2025-12-08T20:39:02.887405,high_volatility,TEST/USD,SELL,91.24,88.61,2.1485,5.65,2.88,45,79,WIN
2025-12-08T20:54:02.887432,high_volatility,TEST/USD,SELL,89.83,87.75,2.1835,4.54,2.32,60,94,WIN
2025-12-08T21:24:02.887478,high_volatility,TEST/USD,SELL,88.61,83.86,2.2146,10.52,5.36,105,80,WIN
2025-12-08T21:54:02.887523,high_volatility,TEST/USD,SELL,87.75,84.42,2.2387,7.45,3.79,105,95,WIN
2025-12-08T22:09:02.887545,high_volatility,TEST/USD,SELL,87.86,84.22,2.2376,8.14,4.14,75,100,WIN
2025-12-08T22:24:02.887567,high_volatility,TEST/USD,SELL,85.03,81.82,2.3139,7.43,3.78,120,100,WIN
2025-12-08T22:39:02.887591,high_volatility,TEST/USD,SELL,84.92,82.95,2.3187,4.57,2.32,90,100,WIN
2025-12-08T22:54:02.887614,high_volatility,TEST/USD,SELL,83.25,85.17,2.3663,-4.54,-2.31,60,100,LOSS
2025-12-08T23:09:02.887641,high_volatility,TEST/USD,SELL,83.86,85.41,2.348,-3.64,-1.85,90,100,LOSS
2025-12-08T23:24:02.887665,high_volatility,TEST/USD,SELL,84.22,81.82,2.3371,5.61,2.85,60,100,WIN
2025-12-08T23:39:02.887750,high_volatility,TEST/USD,SELL,84.42,83.75,2.3329,1.56,0.79,105,100,WIN
2025-12-08T23:54:02.887787,high_volatility,TEST/USD,SELL,85.17,83.74,2.3127,3.31,1.68,105,88,WIN
2025-12-09T00:09:02.887813,high_volatility,TEST/USD,SELL,82.95,85.06,2.3754,-5.01,-2.54,105,100,LOSS
2025-12-09T00:24:02.887837,high_volatility,TEST/USD,SELL,81.82,85.06,2.407,-7.8,-3.96,90,100,LOSS
2025-12-09T00:39:02.887861,high_volatility,TEST/USD,SELL,85.41,87.88,2.304,-5.69,-2.89,30,77,LOSS
2025-12-09T00:54:02.887884,high_volatility,TEST/USD,BUY,87.26,84.29,2.2538,-6.69,-3.4,75,76,LOSS
2025-12-09T01:09:02.887908,high_volatility,TEST/USD,BUY,87.88,83.74,2.2364,-9.26,-4.71,30,84,LOSS
2025-12-09T02:24:02.888024,high_volatility,TEST/USD,SELL,80.69,80.37,2.4334,0.78,0.4,30,100,WIN
2025-12-09T02:39:02.888051,high_volatility,TEST/USD,SELL,80.22,80.33,2.4479,-0.27,-0.14,45,82,LOSS
2025-12-09T03:09:02.888099,high_volatility,TEST/USD,SELL,79.08,76.34,2.4831,6.8,3.46,75,100,WIN
2025-12-09T03:24:02.888120,high_volatility,TEST/USD,SELL,80.33,76.43,2.4461,9.54,4.85,30,100,WIN
2025-12-09T03:39:02.888144,high_volatility,TEST/USD,SELL,79.06,80.65,2.4878,-3.96,-2.01,120,100,LOSS
2025-12-09T03:54:02.888166,high_volatility,TEST/USD,SELL,76.43,80.65,2.5724,-10.86,-5.52,105,100,LOSS
2025-12-09T04:09:02.888190,high_volatility,TEST/USD,SELL,75.29,77.86,2.6085,-6.7,-3.41,45,100,LOSS
2025-12-09T04:24:02.888222,high_volatility,TEST/USD,SELL,76.34,81.16,2.5708,-12.39,-6.31,120,100,LOSS
2025-12-09T04:39:02.888249,high_volatility,TEST/USD,SELL,78.52,76.73,2.4963,4.47,2.28,30,100,WIN
2025-12-09T04:54:02.888306,high_volatility,TEST/USD,SELL,77.86,80.2,2.5186,-5.89,-3.01,75,85,LOSS
2025-12-09T05:09:02.888335,high_volatility,TEST/USD,SELL,76.73,80.2,2.5542,-8.86,-4.52,60,93,LOSS
2025-12-09T05:24:02.888358,high_volatility,TEST/USD,SELL,78.21,80.2,2.5036,-4.98,-2.54,45,76,LOSS
2025-12-09T06:24:02.888526,high_volatility,TEST/USD,BUY,81.16,86.63,2.4113,13.19,6.74,90,100,WIN
2025-12-09T06:39:02.888552,high_volatility,TEST/USD,BUY,80.19,86.78,2.4438,16.1,8.22,60,100,WIN
2025-12-09T06:54:02.888577,high_volatility,TEST/USD,BUY,81.54,84.0,2.4073,5.92,3.02,30,100,WIN
2025-12-09T07:09:02.888602,high_volatility,TEST/USD,BUY,83.37,85.9,2.3559,5.96,3.03,105,100,WIN
2025-12-09T07:24:02.888624,high_volatility,TEST/USD,BUY,84.0,86.58,2.3396,6.04,3.07,105,100,WIN
2025-12-09T07:39:02.888646,high_volatility,TEST/USD,BUY,86.78,86.58,2.2661,-0.45,-0.23,90,100,LOSS
2025-12-09T07:54:02.888667,high_volatility,TEST/USD,BUY,86.63,89.51,2.2699,6.54,3.32,30,100,WIN
2025-12-09T08:09:02.888692,high_volatility,TEST/USD,BUY,86.7,87.41,2.2696,1.61,0.82,30,100,WIN
2025-12-09T08:24:02.888716,high_volatility,TEST/USD,BUY,89.51,86.58,2.1987,-6.44,-3.27,45,100,LOSS
2025-12-09T08:39:02.888741,high_volatility,TEST/USD,BUY,87.41,83.48,2.25,-8.84,-4.5,120,100,LOSS
2025-12-09T08:54:02.888764,high_volatility,TEST/USD,BUY,85.9,91.46,2.2875,12.72,6.47,30,100,WIN
2025-12-09T09:09:02.888790,high_volatility,TEST/USD,BUY,86.58,84.54,2.2725,-4.64,-2.36,105,100,LOSS
2025-12-09T09:24:02.888812,high_volatility,TEST/USD,BUY,91.46,84.95,2.1502,-14.0,-7.12,60,100,LOSS
2025-12-09T09:39:02.888838,high_volatility,TEST/USD,BUY,88.91,83.99,2.2087,-10.87,-5.53,105,100,LOSS
2025-12-09T09:54:02.888861,high_volatility,TEST/USD,BUY,87.51,84.54,2.2416,-6.66,-3.39,60,91,LOSS
2025-12-09T10:39:02.888932,high_volatility,TEST/USD,SELL,83.48,80.68,2.3482,6.57,3.35,90,87,WIN
2025-12-09T10:54:02.888954,high_volatility,TEST/USD,SELL,84.54,81.33,2.3203,7.45,3.8,105,100,WIN
2025-12-09T11:39:02.889025,high_volatility,TEST/USD,SELL,83.68,79.9,2.3459,8.87,4.52,90,83,WIN
2025-12-09T11:54:02.889047,high_volatility,TEST/USD,SELL,81.92,80.41,2.3985,3.62,1.84,120,100,WIN
2025-12-09T12:09:02.889071,high_volatility,TEST/USD,SELL,80.68,80.3,2.4363,0.93,0.47,120,100,WIN
2025-12-09T12:24:02.889094,high_volatility,TEST/USD,SELL,79.67,80.41,2.4674,-1.83,-0.93,90,100,LOSS
2025-12-09T12:39:02.889122,high_volatility,TEST/USD,SELL,81.33,80.3,2.4166,2.49,1.27,90,99,WIN
2025-12-09T12:54:02.889145,high_volatility,TEST/USD,SELL,82.69,79.0,2.3774,8.77,4.46,120,76,WIN
2025-12-09T13:09:02.889168,high_volatility,TEST/USD,SELL,79.9,80.3,2.4627,-0.99,-0.5,60,92,LOSS
2025-12-09T13:24:02.889191,high_volatility,TEST/USD,SELL,80.27,78.4,2.4511,4.58,2.33,120,100,WIN
2025-12-09T13:39:02.889215,high_volatility,TEST/USD,SELL,78.26,79.45,2.5152,-2.99,-1.52,60,100,LOSS
2025-12-09T13:54:02.889237,high_volatility,TEST/USD,SELL,80.41,80.35,2.4472,0.15,0.07,30,92,WIN
2025-12-09T14:09:02.889261,high_volatility,TEST/USD,SELL,80.3,78.4,2.4506,4.66,2.37,75,90,WIN
2025-12-09T15:09:02.889354,high_volatility,TEST/USD,SELL,77.51,80.34,2.54,-7.19,-3.65,90,96,LOSS
2025-12-09T15:24:02.889377,high_volatility,TEST/USD,SELL,78.4,85.26,2.5093,-17.21,-8.75,105,100,LOSS
2025-12-09T16:54:02.889517,high_volatility,TEST/USD,BUY,82.78,89.44,2.3724,15.8,8.05,60,80,WIN
2025-12-09T17:09:02.889551,high_volatility,TEST/USD,BUY,85.26,89.44,2.3071,9.64,4.9,45,100,WIN
2025-12-09T17:24:02.889578,high_volatility,TEST/USD,BUY,86.37,89.29,2.2797,6.66,3.38,60,100,WIN
2025-12-09T17:39:02.889602,high_volatility,TEST/USD,BUY,87.17,85.43,2.2603,-3.93,-2.0,120,100,LOSS
2025-12-09T17:54:02.889623,high_volatility,TEST/USD,BUY,89.44,84.64,2.202,-10.57,-5.37,90,100,LOSS
2025-12-09T18:09:02.889646,high_volatility,TEST/USD,BUY,89.89,83.44,2.1887,-14.12,-7.18,120,100,LOSS
2025-12-09T18:24:02.889668,high_volatility,TEST/USD,BUY,89.29,83.44,2.2002,-12.87,-6.55,105,100,LOSS
2025-12-09T18:39:02.889691,high_volatility,TEST/USD,BUY,88.85,84.64,2.2082,-9.3,-4.74,45,100,LOSS
2025-12-09T18:54:02.889713,high_volatility,TEST/USD,BUY,90.14,85.9,2.1745,-9.22,-4.7,60,100,LOSS
2025-12-09T19:09:02.889736,high_volatility,TEST/USD,BUY,88.64,85.9,2.2093,-6.05,-3.09,45,100,LOSS
2025-12-09T20:09:02.889831,high_volatility,TEST/USD,SELL,83.44,82.25,2.3455,2.79,1.43,90,92,WIN
2025-12-09T20:24:02.889854,high_volatility,TEST/USD,SELL,84.75,86.86,2.3099,-4.87,-2.49,120,100,LOSS
2025-12-09T20:39:02.889878,high_volatility,TEST/USD,SELL,80.31,82.25,2.4364,-4.73,-2.42,60,100,LOSS
2025-12-09T20:54:02.889900,high_volatility,TEST/USD,SELL,79.93,84.47,2.4468,-11.11,-5.68,75,100,LOSS
2025-12-09T21:09:02.889924,high_volatility,TEST/USD,SELL,78.94,83.84,2.4746,-12.13,-6.21,45,100,LOSS
2025-12-09T21:24:02.889946,high_volatility,TEST/USD,SELL,80.31,90.89,2.4294,-25.7,-13.17,120,100,LOSS
2025-12-09T21:39:02.889970,high_volatility,TEST/USD,SELL,82.25,84.47,2.3659,-5.25,-2.7,30,100,LOSS
2025-12-09T22:39:02.890062,high_volatility,TEST/USD,BUY,88.29,90.89,2.2028,5.73,2.94,45,100,WIN
2025-12-09T22:54:02.890085,high_volatility,TEST/USD,BUY,88.89,86.02,2.1892,-6.28,-3.23,120,98,LOSS
2025-12-09T23:09:02.890113,high_volatility,TEST/USD,BUY,89.53,87.6,2.1722,-4.19,-2.16,45,100,LOSS
2025-12-09T23:24:02.890137,high_volatility,TEST/USD,BUY,90.89,87.97,2.1388,-6.25,-3.21,75,100,LOSS
2025-12-09T23:39:02.890163,high_volatility,TEST/USD,BUY,90.95,87.07,2.136,-8.29,-4.27,30,100,LOSS
2025-12-09T23:54:02.890186,high_volatility,TEST/USD,BUY,87.6,87.97,2.2158,0.82,0.42,45,100,WIN
2025-12-10T00:09:02.891286,high_volatility,TEST/USD,BUY,87.07,90.86,2.2294,8.45,4.35,75,100,WIN
2025-12-10T00:24:02.891546,high_volatility,TEST/USD,BUY,88.37,91.16,2.1986,6.13,3.16,105,100,WIN
2025-12-10T00:39:02.891584,high_volatility,TEST/USD,BUY,87.97,88.49,2.21,1.15,0.59,30,91,WIN
2025-12-10T01:39:02.891680,high_volatility,TEST/USD,BUY,92.16,91.05,2.1097,-2.34,-1.2,90,79,LOSS
2025-12-10T02:24:02.891750,high_volatility,TEST/USD,BUY,93.02,91.26,2.0897,-3.68,-1.89,60,100,LOSS
2025-12-10T02:39:02.891774,high_volatility,TEST/USD,BUY,92.95,89.21,2.0905,-7.82,-4.02,60,100,LOSS
2025-12-10T02:54:02.891798,high_volatility,TEST/USD,BUY,93.33,91.26,2.0803,-4.31,-2.22,30,100,LOSS
2025-12-10T03:09:02.891821,high_volatility,TEST/USD,BUY,91.05,89.72,2.1315,-2.83,-1.46,120,85,LOSS
2025-12-10T03:24:02.891844,high_volatility,TEST/USD,BUY,91.26,88.74,2.1259,-5.36,-2.76,60,100,LOSS
2025-12-10T04:09:02.891908,high_volatility,TEST/USD,SELL,86.66,89.72,2.2375,-6.85,-3.53,60,100,LOSS
2025-12-10T05:09:02.891995,high_volatility,TEST/USD,SELL,89.72,93.79,2.1597,-8.79,-4.54,90,84,LOSS
2025-12-10T05:24:02.892017,high_volatility,TEST/USD,SELL,90.78,93.79,2.1326,-6.42,-3.32,75,77,LOSS
2025-12-10T05:54:02.892062,high_volatility,TEST/USD,BUY,95.26,88.73,2.0309,-13.26,-6.85,90,93,LOSS
2025-12-10T06:09:02.892086,high_volatility,TEST/USD,BUY,93.88,93.2,2.0579,-1.4,-0.72,45,100,LOSS
2025-12-10T06:24:02.892110,high_volatility,TEST/USD,BUY,93.51,86.66,2.0658,-14.15,-7.33,90,99,LOSS
2025-12-10T06:39:02.892134,high_volatility,TEST/USD,BUY,93.79,88.7,2.0566,-10.47,-5.43,90,100,LOSS
2025-12-10T06:54:02.892156,high_volatility,TEST/USD,BUY,93.2,88.7,2.0674,-9.3,-4.83,75,100,LOSS
2025-12-10T07:24:02.892201,high_volatility,TEST/USD,SELL,88.73,91.14,2.1694,-5.23,-2.72,120,87,LOSS
2025-12-10T07:39:02.892225,high_volatility,TEST/USD,SELL,85.82,90.41,2.2418,-10.29,-5.35,90,93,LOSS
2025-12-10T07:54:02.892247,high_volatility,TEST/USD,SELL,86.66,90.41,2.2177,-8.32,-4.33,75,95,LOSS
2025-12-10T08:24:02.892292,high_volatility,TEST/USD,SELL,89.49,91.14,2.1457,-3.54,-1.84,60,100,LOSS
2025-12-10T08:54:02.892337,high_volatility,TEST/USD,SELL,90.74,88.55,2.1153,4.63,2.41,105,79,WIN
2025-12-10T09:09:02.892361,high_volatility,TEST/USD,SELL,90.41,86.35,2.1241,8.62,4.49,75,86,WIN
2025-12-10T10:09:02.892450,high_volatility,TEST/USD,BUY,90.24,87.08,2.13,-6.73,-3.5,120,100,LOSS
2025-12-10T11:09:02.892538,high_volatility,TEST/USD,SELL,87.19,87.08,2.203,0.24,0.13,60,100,WIN
2025-12-10T11:24:02.892560,high_volatility,TEST/USD,SELL,84.29,92.88,2.2788,-19.57,-10.19,105,100,LOSS
2025-12-10T11:39:02.892587,high_volatility,TEST/USD,SELL,84.61,89.76,2.2656,-11.67,-6.09,60,100,LOSS
2025-12-10T11:54:02.892609,high_volatility,TEST/USD,SELL,85.59,91.74,2.2369,-13.76,-7.19,60,100,LOSS
2025-12-10T12:09:02.892632,high_volatility,TEST/USD,SELL,87.08,92.82,2.1955,-12.6,-6.59,120,100,LOSS
2025-12-10T12:54:02.892692,high_volatility,TEST/USD,BUY,91.74,89.54,2.0812,-4.58,-2.4,90,100,LOSS
2025-12-10T13:09:02.892714,high_volatility,TEST/USD,BUY,92.88,92.01,2.0547,-1.79,-0.94,105,98,LOSS
2025-12-10T13:24:02.892735,high_volatility,TEST/USD,BUY,92.83,91.09,2.0554,-3.58,-1.87,30,98,LOSS
2025-12-10T13:39:02.892756,high_volatility,TEST/USD,BUY,91.49,90.0,2.0847,-3.11,-1.63,105,99,LOSS
2025-12-10T13:54:02.892775,high_volatility,TEST/USD,BUY,91.09,87.69,2.0932,-7.12,-3.73,105,100,LOSS
2025-12-10T14:09:02.892796,high_volatility,TEST/USD,BUY,92.82,86.42,2.0526,-13.14,-6.9,120,100,LOSS
2025-12-10T14:24:02.892816,high_volatility,TEST/USD,BUY,89.54,90.0,2.1249,0.98,0.51,60,96,WIN
2025-12-10T14:39:02.892836,high_volatility,TEST/USD,BUY,89.82,87.33,2.1185,-5.28,-2.77,120,81,LOSS
2025-12-10T14:54:02.892855,high_volatility,TEST/USD,BUY,92.01,86.95,2.0669,-10.46,-5.5,60,75,LOSS
2025-12-10T15:39:02.892917,high_volatility,TEST/USD,SELL,87.69,86.93,2.1664,1.65,0.87,120,100,WIN
2025-12-10T15:54:02.892937,high_volatility,TEST/USD,SELL,86.95,87.33,2.1852,-0.83,-0.44,45,100,LOSS
2025-12-10T16:09:02.892957,high_volatility,TEST/USD,SELL,86.42,86.93,2.1984,-1.12,-0.59,90,100,LOSS
2025-12-10T16:39:02.892999,high_volatility,TEST/USD,SELL,87.33,87.69,2.1752,-0.78,-0.41,75,100,LOSS
2025-12-10T17:09:02.893040,high_volatility,TEST/USD,SELL,86.98,87.69,2.1838,-1.55,-0.82,45,81,LOSS
2025-12-10T17:24:02.893061,high_volatility,TEST/USD,SELL,88.41,87.69,2.1481,1.55,0.81,30,89,WIN
2025-12-10T17:39:02.893083,high_volatility,TEST/USD,SELL,86.93,88.56,2.185,-3.56,-1.88,105,98,LOSS
2025-12-10T17:54:02.893103,high_volatility,TEST/USD,SELL,87.69,90.68,2.1653,-6.47,-3.41,75,75,LOSS
2025-12-10T18:09:02.893139,high_volatility,TEST/USD,SELL,84.28,88.56,2.2514,-9.64,-5.08,75,88,LOSS
2025-12-10T18:39:02.893182,high_volatility,TEST/USD,BUY,90.41,87.71,2.0966,-5.66,-2.99,120,96,LOSS
2025-12-10T18:54:02.893204,high_volatility,TEST/USD,BUY,91.81,87.71,2.0634,-8.46,-4.47,105,80,LOSS
2025-12-10T19:09:02.893225,high_volatility,TEST/USD,BUY,90.68,88.49,2.0872,-4.57,-2.42,60,88,LOSS
2025-12-10T20:39:02.893349,high_volatility,TEST/USD,BUY,87.71,82.89,2.1569,-10.4,-5.5,90,90,LOSS
2025-12-10T21:24:02.893409,high_volatility,TEST/USD,SELL,87.65,83.89,2.156,8.11,4.29,60,95,WIN
2025-12-10T21:39:02.893430,high_volatility,TEST/USD,SELL,86.65,82.89,2.1827,8.21,4.34,30,94,WIN
2025-12-10T21:54:02.893449,high_volatility,TEST/USD,SELL,86.17,83.6,2.1968,5.65,2.98,90,76,WIN
2025-12-10T22:09:02.893471,high_volatility,TEST/USD,SELL,82.89,82.12,2.2851,1.76,0.93,105,100,WIN
2025-12-10T22:24:02.893490,high_volatility,TEST/USD,SELL,83.89,81.77,2.2583,4.79,2.53,30,79,WIN
2025-12-10T22:39:02.893511,high_volatility,TEST/USD,SELL,81.99,83.8,2.3118,-4.18,-2.21,60,100,LOSS
2025-12-10T22:54:02.893530,high_volatility,TEST/USD,SELL,81.77,83.8,2.317,-4.7,-2.48,45,100,LOSS
2025-12-10T23:09:02.893551,high_volatility,TEST/USD,SELL,83.03,76.28,2.2807,15.39,8.13,90,100,WIN
2025-12-10T23:24:02.893571,high_volatility,TEST/USD,SELL,83.6,81.03,2.2688,5.83,3.07,60,81,WIN
2025-12-10T23:39:02.893594,high_volatility,TEST/USD,SELL,83.8,76.28,2.2648,17.03,8.97,60,100,WIN
2025-12-10T23:54:02.893614,high_volatility,TEST/USD,SELL,82.12,74.37,2.3152,17.94,9.44,105,100,WIN
2025-12-11T00:09:02.893635,high_volatility,TEST/USD,SELL,81.57,74.37,2.3353,16.81,8.83,90,100,WIN
2025-12-11T00:24:02.893655,high_volatility,TEST/USD,SELL,81.03,77.68,2.355,7.89,4.13,90,100,WIN
2025-12-11T00:39:02.893688,high_volatility,TEST/USD,SELL,76.28,77.37,2.5037,-2.73,-1.43,105,100,LOSS
2025-12-11T00:54:02.893709,high_volatility,TEST/USD,SELL,76.94,77.68,2.4815,-1.84,-0.96,60,100,LOSS
2025-12-11T01:09:02.893729,high_volatility,TEST/USD,SELL,75.77,77.27,2.5193,-3.78,-1.98,60,100,LOSS
2025-12-11T01:24:02.893748,high_volatility,TEST/USD,SELL,75.29,77.27,2.5344,-5.02,-2.63,45,100,LOSS
2025-12-11T01:39:02.893775,high_volatility,TEST/USD,SELL,74.37,77.66,2.5644,-8.44,-4.42,60,100,LOSS
2025-12-11T01:54:02.893796,high_volatility,TEST/USD,SELL,77.68,79.17,2.4529,-3.65,-1.92,90,100,LOSS
2025-12-11T02:09:02.893817,high_volatility,TEST/USD,SELL,77.27,78.44,2.465,-2.88,-1.51,105,100,LOSS
2025-12-11T02:24:02.893837,high_volatility,TEST/USD,SELL,77.37,79.98,2.4611,-6.42,-3.37,105,100,LOSS
2025-12-11T02:39:02.893858,high_volatility,TEST/USD,SELL,77.66,78.19,2.4502,-1.3,-0.68,120,97,LOSS
2025-12-11T02:54:02.893880,high_volatility,TEST/USD,SELL,77.74,78.65,2.4474,-2.23,-1.17,120,90,LOSS
2025-12-11T03:09:02.893901,high_volatility,TEST/USD,BUY,78.57,79.98,2.421,3.41,1.79,60,80,WIN
2025-12-11T03:24:02.893921,high_volatility,TEST/USD,BUY,79.17,78.44,2.4035,-1.75,-0.92,30,78,LOSS
2025-12-11T03:39:02.893951,high_volatility,TEST/USD,BUY,79.24,76.39,2.4009,-6.84,-3.6,120,95,LOSS
2025-12-11T03:54:02.893974,high_volatility,TEST/USD,BUY,78.44,78.19,2.4237,-0.61,-0.32,45,91,LOSS
2025-12-11T04:09:02.893996,high_volatility,TEST/USD,BUY,79.98,79.96,2.3768,-0.05,-0.03,60,100,LOSS
2025-12-11T05:09:02.897020,high_volatility,TEST/USD,BUY,79.96,78.6,2.3774,-3.23,-1.7,60,79,LOSS
2025-12-11T05:39:02.897062,high_volatility,TEST/USD,SELL,76.39,75.78,2.4877,1.52,0.8,120,77,WIN
2025-12-11T07:39:02.897246,high_volatility,TEST/USD,SELL,75.78,69.7,2.5081,15.25,8.02,120,100,WIN
2025-12-11T07:54:02.897265,high_volatility,TEST/USD,SELL,73.33,69.7,2.5961,9.42,4.95,105,99,WIN
2025-12-11T08:09:02.897286,high_volatility,TEST/USD,SELL,70.98,68.59,2.6847,6.42,3.37,105,100,WIN
2025-12-11T08:24:02.897313,high_volatility,TEST/USD,SELL,69.71,69.7,2.7354,0.03,0.01,75,100,WIN
2025-12-11T08:39:02.897336,high_volatility,TEST/USD,SELL,68.65,69.7,2.7777,-2.92,-1.53,60,100,LOSS
2025-12-11T08:54:02.897355,high_volatility,TEST/USD,SELL,67.91,69.36,2.8071,-4.07,-2.14,90,100,LOSS
2025-12-11T09:09:02.897377,high_volatility,TEST/USD,SELL,69.0,69.7,2.7615,-1.93,-1.01,30,100,LOSS
2025-12-11T09:24:02.897396,high_volatility,TEST/USD,SELL,69.58,68.59,2.738,2.71,1.42,30,100,WIN
2025-12-11T09:39:02.897419,high_volatility,TEST/USD,SELL,69.7,71.15,2.734,-3.96,-2.08,105,100,LOSS
2025-12-11T09:54:02.897584,high_volatility,TEST/USD,SELL,68.59,69.06,2.7771,-1.31,-0.69,45,100,LOSS
2025-12-11T10:09:02.898367,high_volatility,TEST/USD,SELL,68.38,71.32,2.7853,-8.19,-4.3,105,100,LOSS
2025-12-11T10:24:02.898467,high_volatility,TEST/USD,SELL,69.36,72.1,2.7436,-7.52,-3.95,45,100,LOSS
2025-12-11T10:39:02.898506,high_volatility,TEST/USD,SELL,69.06,71.15,2.7533,-5.75,-3.03,45,77,LOSS
